Firm/Name,Phone,Address,Email
Best Home Savings,(855) 566-5921,"Hillsborough County, FL",N/A
Unique,(833) 947-9225,"Hillsborough County, FL",N/A
Compare HVAC Experts,(855) 403-2011,"Hillsborough County, FL",N/A
Pattie Electric,(813) 815-3035,"Hillsborough County, FL",N/A
Chris' A/C Company,(352) 458-6365,"Hillsborough County, FL",N/A
3H AC of Tampa,(813) 656-9730,"Hillsborough County, FL",N/A
Florida AC Services,(727) 351-1131,"Hillsborough County, FL",N/A
"Temples Air Conditioning And Heating, LLC",(844) 212-1144,"Hillsborough County, FL",N/A
Acme Electrical Services,(656) 225-3996,"Hillsborough County, FL",N/A
3H AC of Tampa,(813) 656-9730,"930 E 124th Ave, Tampa, FL 33612",N/A
Acme Electrical Services,(656) 225-3996,"6707 N Rome Ave, Tampa, FL 33604",N/A
Ray Duncan Plumbing Inc,(727) 275-1649,"5401 E Sligh Ave, Tampa, FL 33617",N/A
Pattie Electric,(813) 815-3035,"39111 Pattie Road, Zephyrhills, FL 33540",N/A
Florida AC Services,(727) 351-1131,"6258 118th Ave N #3, Largo, FL 33773",N/A
Chris' A/C Company,(352) 458-6365,"10235 US-301, Dade City, FL 33525",N/A
"Temples Air Conditioning And Heating, LLC",(844) 212-1144,"Hillsborough County, FL",N/A
Best Home Savings,(855) 566-5921,"Hillsborough County, FL",N/A
Unique,(833) 947-9225,"Bradenton, FL 34203",N/A
Compare HVAC Experts,(855) 403-2011,"Hillsborough County, FL",N/A
O'Donovan's Air Conditioning & Heating,(813) 364-4408,"6630 16th St, Zephyrhills, FL 33542",N/A
Sunshine Air Of Charlotte County,(941) 347-4805,"Hillsborough County, FL",N/A
Irena's Heating & Cooling Inc,(813) 474-9367,"18843 N Us Highway 41, Lutz, FL 33549",N/A
Comfort Central Inc,(813) 885-4448,"9420 Lazy Ln, Tampa, FL 33614",N/A
And Services,(813) 445-4818,"5010 N Cortez Ave, Tampa, FL 33614",N/A
precision a/c inc,(813) 703-7023,"Tampa, FL 33684",N/A
Air Express of Tampa Inc,(813) 928-2112,"Tampa, FL 33611",N/A
Stars Air Systems,(813) 935-9075,"2118 W Busch Blvd, Tampa, FL 33612",N/A
Del-Air Heating and Air Conditioning,(813) 623-3167,"237 S 78th St, Tampa, FL 33619",N/A
Patterson International Service Corp,(813) 231-4400,"7107 N Florida Ave, Tampa, FL 33604",N/A
Carroll Air Systems Inc,(813) 879-5790,"3711 W Walnut St, Tampa, FL 33607",N/A
Air Time Air Conditioning,(813) 513-0727,"Tampa, FL 33607",N/A
AC Plus Heating & Air,(813) 422-1111,"7520 Transom Ct, Tampa, FL 33607",N/A
Morgan Air Conditioning,(813) 500-7765,"4633 Glenside Cir, Tampa, FL 33624",N/A
AAA Airwaves,(813) 247-9283,"Tampa, FL 33625",N/A
Caldeco Air Conditioning & Heating,(813) 254-2211,"1709 N Howard Ave, Tampa, FL 33607",N/A
Southern Climate Control,(813) 837-0942,"3022 W Hawthorne Rd, Tampa, FL 33611",N/A
Air Support Cooling & Heating,(813) 374-2799,"1031 W Busch Blvd, Tampa, FL 33612",N/A
ICR Services,(813) 871-2313,"9115 Cliff Lake Ln, Tampa, FL 33614",N/A
Air Control Services,(813) 980-0764,"7909 Professional Pl, Tampa, FL 33637",N/A
